第8屆區域立法委員選舉新竹縣候選人在各投開票所得票數一覽表,,,,,,,,,,,,,,
鄉(鎮、市、區)別,村里別,投票所別,各候選人得票情形,,,,"有效票數A
A=1+2+...+N",無效票數B,"投票數C
C=A+B","已領未投票數D
D=E-C","發出票數E
E=C+D",用餘票數F,"選舉人數G
G=E+F","發票率H
H=C÷G"
,,,"1
傅家賢
中華民國臺灣基本法連線","2
彭紹瑾
民主進步黨","3
徐欣瑩
中國國民黨","4
戴國樑
台灣主義黨",,,,,,,,
,,,,,,,,,,,,,,
,,,,,,,,,,,,,,
總　計,,,"1,984","102,953","171,466","1,500","277,903","4,346","282,249",2,"282,251","86,589","368,840",76.52
　竹北市,,,544,"28,962","47,012",328,"76,846","1,192","78,038",0,"78,038","22,781","100,819",77.40
　　,鹿場里,1,3,255,552,3,813,16,829,0,829,166,995,83.32
　　,鹿場里,2,1,219,575,3,798,8,806,0,806,241,"1,047",76.98
　　,鹿場里,3,8,257,681,1,947,13,960,0,960,198,"1,158",82.90
　　,鹿場里,4,6,374,600,4,984,18,"1,002",0,"1,002",257,"1,259",79.59
　　,東平里,5,3,203,405,2,613,8,621,0,621,167,788,78.81
　　,東平里,6,10,410,901,6,"1,327",14,"1,341",0,"1,341",347,"1,688",79.44
　　,東平里,7,8,375,709,3,"1,095",21,"1,116",0,"1,116",279,"1,395",80.00
　　,東平里,8,10,390,673,3,"1,076",10,"1,086",0,"1,086",292,"1,378",78.81
　　,中興里,9,4,415,727,4,"1,150",19,"1,169",0,"1,169",256,"1,425",82.04
　　,中興里,10,8,433,742,7,"1,190",12,"1,202",0,"1,202",341,"1,543",77.90
　　,中興里,11,5,272,539,4,820,11,831,0,831,270,"1,101",75.48
　　,隘口里,12,10,367,605,5,987,15,"1,002",0,"1,002",237,"1,239",80.87
　　,東海里,13,7,371,775,9,"1,162",25,"1,187",0,"1,187",345,"1,532",77.48
　　,東海里,14,4,398,678,2,"1,082",27,"1,109",0,"1,109",364,"1,473",75.29
　　,十興里,15,9,412,573,7,"1,001",19,"1,020",0,"1,020",348,"1,368",74.56
　　,十興里,16,3,356,708,2,"1,069",17,"1,086",0,"1,086",319,"1,405",77.30
　　,十興里,17,10,754,"1,503",10,"2,277",28,"2,305",0,"2,305",689,"2,994",76.99
　　,十興里,18,9,382,592,4,987,14,"1,001",0,"1,001",260,"1,261",79.38
　　,十興里,19,1,287,471,1,760,11,771,0,771,212,983,78.43
　　,十興里,20,3,397,853,5,"1,258",16,"1,274",0,"1,274",358,"1,632",78.06
　　,十興里,21,13,386,749,1,"1,149",15,"1,164",0,"1,164",294,"1,458",79.84
　　,十興里,22,10,302,580,0,892,9,901,0,901,245,"1,146",78.62
　　,十興里,23,2,313,566,6,887,14,901,0,901,231,"1,132",79.59
　　,十興里,24,9,362,695,3,"1,069",15,"1,084",0,"1,084",268,"1,352",80.18
　　,斗崙里,25,3,366,694,2,"1,065",26,"1,091",0,"1,091",335,"1,426",76.51
　　,斗崙里,26,8,317,546,1,872,12,884,0,884,266,"1,150",76.87
　　,斗崙里,27,4,262,584,2,852,14,866,0,866,216,"1,082",80.04
　　,斗崙里,28,6,362,636,5,"1,009",21,"1,030",0,"1,030",219,"1,249",82.47
　　,斗崙里,29,7,344,604,1,956,9,965,0,965,255,"1,220",79.10
　　,斗崙里,30,4,320,641,3,968,12,980,0,980,213,"1,193",82.15
　　,北崙里,31,4,270,521,4,799,15,814,0,814,236,"1,050",77.52
　　,北崙里,32,6,319,559,1,885,15,900,0,900,197,"1,097",82.04
　　,北崙里,33,12,327,530,8,877,10,887,0,887,219,"1,106",80.20
　　,新崙里,34,6,369,658,5,"1,038",20,"1,058",0,"1,058",293,"1,351",78.31
　　,新崙里,35,11,535,712,4,"1,262",23,"1,285",0,"1,285",328,"1,613",79.67
　　,新崙里,36,13,517,705,7,"1,242",11,"1,253",0,"1,253",344,"1,597",78.46
　　,竹北里,37,10,301,608,5,924,12,936,0,936,316,"1,252",74.76
　　,竹北里,38,8,311,547,7,873,7,880,0,880,285,"1,165",75.54
　　,竹北里,39,4,305,556,4,869,16,885,0,885,244,"1,129",78.39
　　,竹北里,40,5,303,636,5,949,15,964,0,964,363,"1,327",72.65
　　,竹仁里,41,6,365,555,7,933,22,955,0,955,344,"1,299",73.52
　　,竹仁里,42,6,319,563,3,891,13,904,0,904,282,"1,186",76.22
　　,竹仁里,43,7,305,664,7,983,9,992,0,992,311,"1,303",76.13
　　,竹仁里,44,3,353,624,0,980,10,990,0,990,303,"1,293",76.57
　　,竹仁里,45,6,337,680,3,"1,026",14,"1,040",0,"1,040",307,"1,347",77.21
　　,竹仁里,46,7,415,587,3,"1,012",19,"1,031",0,"1,031",301,"1,332",77.40
　　,福德里,47,5,280,447,2,734,13,747,0,747,180,927,80.58
　　,福德里,48,4,343,476,3,826,22,848,0,848,230,"1,078",78.66
　　,福德里,49,9,330,410,5,754,12,766,0,766,277,"1,043",73.44
　　,竹義里,50,4,236,377,2,619,14,633,0,633,200,833,75.99
　　,竹義里,51,2,268,432,1,703,10,713,0,713,243,956,74.58
　　,竹義里,52,7,415,664,4,"1,090",11,"1,101",0,"1,101",307,"1,408",78.20
　　,竹義里,53,8,370,564,4,946,18,964,0,964,477,"1,441",66.90
　　,泰和里,54,12,439,867,5,"1,323",23,"1,346",0,"1,346",424,"1,770",76.05
　　,泰和里,55,14,395,618,3,"1,030",12,"1,042",0,"1,042",357,"1,399",74.48
　　,泰和里,56,6,385,748,7,"1,146",18,"1,164",0,"1,164",400,"1,564",74.42
　　,新社里,57,7,295,582,4,888,11,899,0,899,278,"1,177",76.38
　　,新社里,58,13,352,525,5,895,19,914,0,914,314,"1,228",74.43
　　,新社里,59,11,349,541,7,908,6,914,0,914,272,"1,186",77.07
　　,新社里,60,5,312,552,4,873,18,891,0,891,311,"1,202",74.13
　　,新社里,61,4,321,466,1,792,14,806,0,806,323,"1,129",71.39
　　,新國里,62,6,415,684,4,"1,109",12,"1,121",0,"1,121",349,"1,470",76.26
　　,新國里,63,8,415,576,3,"1,002",19,"1,021",0,"1,021",372,"1,393",73.30
　　,新國里,64,9,375,517,6,907,19,926,0,926,278,"1,204",76.91
　　,聯興里,65,7,373,600,2,982,23,"1,005",0,"1,005",313,"1,318",76.25
　　,聯興里,66,7,421,563,2,993,14,"1,007",0,"1,007",268,"1,275",78.98
　　,聯興里,67,7,355,649,3,"1,014",13,"1,027",0,"1,027",273,"1,300",79.00
　　,麻園里,68,7,617,618,7,"1,249",18,"1,267",0,"1,267",339,"1,606",78.89
　　,溪州里,69,6,347,429,1,783,15,798,0,798,181,979,81.51
　　,溪州里,70,6,388,457,2,853,17,870,0,870,258,"1,128",77.13
　　,新庄里,71,9,307,422,7,745,13,758,0,758,237,995,76.18
　　,白地里,72,6,272,319,4,601,6,607,0,607,203,810,74.94
　　,白地里,73,3,431,344,2,780,11,791,0,791,264,"1,055",74.98
　　,新港里,74,9,507,334,28,878,17,895,0,895,231,"1,126",79.48
　　,大眉里,75,7,420,750,3,"1,180",18,"1,198",0,"1,198",357,"1,555",77.04
　　,大義里,76,3,357,298,2,660,12,672,0,672,216,888,75.68
　　,大義里,77,4,259,211,1,475,9,484,0,484,145,629,76.95
　　,尚義里,78,4,334,243,3,584,5,589,0,589,178,767,76.79
　　,尚義里,79,10,270,219,0,499,10,509,0,509,166,675,75.41
　　,崇義里,80,7,363,360,5,735,13,748,0,748,189,937,79.83
　　,崇義里,81,6,334,288,4,632,7,639,0,639,210,849,75.27
　竹東鎮,,,407,"16,622","34,246",169,"51,444",862,"52,306",1,"52,307","16,217","68,524",76.33
　　,上坪里,82,3,90,126,0,219,6,225,0,225,94,319,70.53
　　,瑞峰里,83,6,114,163,1,284,4,288,0,288,102,390,73.85
　　,軟橋里,84,4,95,167,0,266,7,273,0,273,89,362,75.41
　　,員崠里,85,4,207,382,3,596,4,600,0,600,222,822,72.99
　　,員崠里,86,5,252,621,2,880,19,899,0,899,279,"1,178",76.32
　　,上里,87,8,310,737,2,"1,057",20,"1,077",0,"1,077",367,"1,444",74.58
　　,上里,88,6,239,547,3,795,13,808,0,808,312,"1,120",72.14
　　,上里,89,4,156,365,4,529,7,536,0,536,245,781,68.63
　　,上里,90,3,258,564,1,826,11,837,0,837,287,"1,124",74.47
　　,上里,91,5,390,723,5,"1,123",18,"1,141",0,"1,141",340,"1,481",77.04
　　,上里,92,11,352,756,4,"1,123",16,"1,139",0,"1,139",304,"1,443",78.93
　　,東寧里,93,10,190,539,4,743,17,760,0,760,246,"1,006",75.55
　　,東寧里,94,5,197,451,3,656,10,666,0,666,181,847,78.63
　　,東寧里,95,6,283,504,3,796,12,808,0,808,249,"1,057",76.44
　　,中正里,96,4,205,330,1,540,13,553,0,553,138,691,80.03
　　,中正里,97,12,289,460,3,764,15,779,0,779,201,980,79.49
　　,大鄉里,98,7,286,596,3,892,17,909,0,909,353,"1,262",72.03
　　,大鄉里,99,5,317,608,2,932,13,945,0,945,380,"1,325",71.32
　　,大鄉里,100,6,334,791,6,"1,137",12,"1,149",0,"1,149",331,"1,480",77.64
　　,中山里,101,4,194,412,1,611,7,618,0,618,194,812,76.11
　　,中山里,102,9,239,424,1,673,8,681,0,681,179,860,79.19
　　,南華里,103,13,307,521,3,844,18,862,0,862,228,"1,090",79.08
　　,東華里,104,2,214,367,0,583,7,590,0,590,168,758,77.84
　　,商華里,105,6,272,632,2,912,14,926,0,926,480,"1,406",65.86
　　,商華里,106,5,277,580,2,864,12,876,0,876,287,"1,163",75.32
　　,林里,107,9,237,516,3,765,13,778,0,778,248,"1,026",75.83
　　,林里,108,12,280,730,3,"1,025",23,"1,048",0,"1,048",333,"1,381",75.89
　　,林里,109,12,238,525,3,778,13,791,0,791,217,"1,008",78.47
　　,仁愛里,110,15,302,695,3,"1,015",21,"1,036",0,"1,036",365,"1,401",73.95
　　,仁愛里,111,10,431,777,5,"1,223",44,"1,267",0,"1,267",314,"1,581",80.14
　　,竹東里,112,4,186,320,2,512,7,519,0,519,91,610,85.08
　　,竹東里,113,5,206,334,3,548,10,558,0,558,173,731,76.33
　　,忠孝里,114,8,340,755,1,"1,104",17,"1,121",0,"1,121",335,"1,456",76.99
　　,榮樂里,115,6,187,361,2,556,6,562,0,562,141,703,79.94
　　,榮樂里,116,2,151,352,0,505,11,516,0,516,161,677,76.22
　　,榮華里,117,2,232,609,1,844,13,857,0,857,235,"1,092",78.48
　　,榮華里,118,9,284,609,3,905,17,922,0,922,215,"1,137",81.09
　　,榮華里,119,10,278,565,4,857,13,870,0,870,229,"1,099",79.16
　　,榮華里,120,4,344,692,4,"1,044",23,"1,067",0,"1,067",292,"1,359",78.51
　　,榮華里,121,8,319,747,2,"1,076",20,"1,096",0,"1,096",324,"1,420",77.18
　　,五豐里,122,7,280,625,4,916,16,932,0,932,333,"1,265",73.68
　　,五豐里,123,4,220,521,2,747,8,755,0,755,339,"1,094",69.01
　　,五豐里,124,6,268,542,2,818,16,834,0,834,294,"1,128",73.94
　　,五豐里,125,3,155,308,0,466,8,474,0,474,170,644,73.60
　　,五豐里,126,11,244,643,2,900,16,916,0,916,252,"1,168",78.42
　　,五豐里,127,5,168,544,4,721,20,741,0,741,279,"1,020",72.65
　　,陸豐里,128,4,130,310,0,444,11,455,0,455,99,554,82.13
　　,三重里,129,5,312,643,4,964,11,975,0,975,271,"1,246",78.25
　　,三重里,130,7,265,587,6,865,17,882,0,882,261,"1,143",77.17
　　,三重里,131,3,268,543,2,816,13,829,0,829,229,"1,058",78.36
　　,三重里,132,1,156,307,2,466,4,470,0,470,132,602,78.07
　　,三重里,133,5,247,606,5,863,15,878,0,878,299,"1,177",74.60
　　,二重里,134,4,255,430,0,689,7,696,0,696,192,888,78.38
　　,二重里,135,6,365,409,5,785,15,800,0,800,216,"1,016",78.74
　　,二重里,136,3,315,663,2,983,13,996,0,996,232,"1,228",81.11
　　,二重里,137,9,295,620,2,926,16,942,0,942,336,"1,278",73.71
　　,二重里,138,4,258,597,1,860,18,878,0,878,400,"1,278",68.70
　　,二重里,139,9,338,729,3,"1,079",13,"1,092",0,"1,092",330,"1,422",76.79
　　,二重里,140,8,249,567,10,834,2,836,1,837,201,"1,038",80.54
　　,頭重里,141,7,420,631,4,"1,062",16,"1,078",0,"1,078",329,"1,407",76.62
　　,頭重里,142,7,292,642,3,944,11,955,0,955,266,"1,221",78.21
　　,頭重里,143,8,324,704,3,"1,039",19,"1,058",0,"1,058",326,"1,384",76.45
　　,員山里,144,8,487,862,1,"1,358",19,"1,377",0,"1,377",356,"1,733",79.46
　　,柯湖里,145,4,229,260,4,497,7,504,0,504,146,650,77.54
　新埔鎮,,,139,"9,633","11,342",81,"21,195",278,"21,473",0,"21,473","6,569","28,042",76.57
　　,新埔里,146,3,323,447,2,775,6,781,0,781,214,995,78.49
　　,新生里,147,2,238,251,0,491,3,494,0,494,130,624,79.17
　　,新民里,148,2,270,509,0,781,20,801,0,801,298,"1,099",72.88
　　,田新里,149,7,222,419,2,650,8,658,0,658,209,867,75.89
　　,田新里,150,5,202,341,0,548,12,560,0,560,171,731,76.61
　　,田新里,151,2,298,331,3,634,6,640,0,640,178,818,78.24
　　,旱坑里,152,6,229,393,4,632,9,641,0,641,253,894,71.70
　　,旱坑里,153,2,311,382,2,697,5,702,0,702,217,919,76.39
　　,五埔里,154,0,284,350,2,636,10,646,0,646,194,840,76.90
　　,五埔里,155,5,308,447,11,771,11,782,0,782,260,"1,042",75.05
　　,四座里,156,9,429,466,1,905,15,920,0,920,231,"1,151",79.93
　　,四座里,157,2,362,443,1,808,9,817,0,817,233,"1,050",77.81
　　,四座里,158,7,390,339,1,737,7,744,0,744,273,"1,017",73.16
　　,照門里,159,14,559,506,5,"1,084",10,"1,094",0,"1,094",317,"1,411",77.53
　　,清水里,160,4,197,151,1,353,2,355,0,355,87,442,80.32
　　,鹿鳴里,161,2,341,206,3,552,6,558,0,558,181,739,75.51
　　,新北里,162,2,303,192,1,498,5,503,0,503,123,626,80.35
　　,巨埔里,163,5,517,346,2,870,10,880,0,880,221,"1,101",79.93
　　,內立里,164,4,457,383,2,846,14,860,0,860,285,"1,145",75.11
　　,寶石里,165,6,343,338,5,692,8,700,0,700,172,872,80.28
　　,文山里,166,9,460,579,5,"1,053",10,"1,063",0,"1,063",364,"1,427",74.49
　　,文山里,167,6,250,626,4,886,15,901,0,901,256,"1,157",77.87
　　,文山里,168,4,427,645,7,"1,083",17,"1,100",0,"1,100",359,"1,459",75.39
　　,上寮里,169,4,325,347,2,678,6,684,0,684,206,890,76.85
　　,上寮里,170,4,283,334,3,624,9,633,0,633,242,875,72.34
　　,下寮里,171,9,378,534,6,927,15,942,0,942,245,"1,187",79.36
　　,下寮里,172,4,250,444,5,703,7,710,0,710,278,988,71.86
　　,南平里,173,3,395,366,1,765,18,783,0,783,221,"1,004",77.99
　　,北平里,174,7,282,227,0,516,5,521,0,521,151,672,77.53
　關西鎮,,,115,"7,395","10,636",74,"18,220",261,"18,481",0,"18,481","5,934","24,415",75.70
　　,東興里,175,2,124,282,1,409,8,417,0,417,111,528,78.98
　　,西安里,176,1,196,479,3,679,14,693,0,693,181,874,79.29
　　,西安里,177,4,183,524,1,712,16,728,0,728,207,935,77.86
　　,南雄里,178,1,209,346,1,557,8,565,0,565,170,735,76.87
　　,北斗里,179,2,300,528,1,831,13,844,0,844,267,"1,111",75.97
　　,北斗里,180,8,301,498,2,809,9,818,0,818,228,"1,046",78.20
　　,北斗里,181,5,363,680,4,"1,052",9,"1,061",0,"1,061",367,"1,428",74.30
　　,北山里,182,3,240,329,2,574,8,582,0,582,187,769,75.68
　　,仁安里,183,0,401,413,3,817,15,832,0,832,265,"1,097",75.84
　　,南山里,184,2,322,436,9,769,16,785,0,785,276,"1,061",73.99
　　,東安里,185,8,259,544,1,812,11,823,0,823,287,"1,110",74.14
　　,東安里,186,4,265,503,4,776,10,786,0,786,269,"1,055",74.50
　　,東安里,187,10,351,539,3,903,12,915,0,915,283,"1,198",76.38
　　,東山里,188,6,289,313,7,615,7,622,0,622,221,843,73.78
　　,東光里,189,4,404,496,2,906,9,915,0,915,307,"1,222",74.88
　　,南新里,190,8,306,368,6,688,13,701,0,701,260,961,72.94
　　,新富里,191,5,228,189,0,422,7,429,0,429,167,596,71.98
　　,玉山里,192,1,161,184,2,348,7,355,0,355,138,493,72.01
　　,金山里,193,4,181,260,2,447,6,453,0,453,165,618,73.30
　　,錦山里,194,10,268,324,2,604,9,613,0,613,237,850,72.12
　　,大同里,195,6,373,242,4,625,8,633,0,633,157,790,80.13
　　,石光里,196,3,273,425,1,702,9,711,0,711,199,910,78.13
　　,石光里,197,3,315,364,3,685,10,695,0,695,225,920,75.54
　　,東平里,198,6,352,382,2,742,9,751,0,751,230,981,76.55
　　,上林里,199,2,217,411,4,634,4,638,0,638,207,845,75.50
　　,新力里,200,2,197,245,1,445,5,450,0,450,134,584,77.05
　　,南和里,201,5,317,332,3,657,9,666,0,666,189,855,77.89
　湖口鄉,,,272,"14,632","26,435",465,"41,804",668,"42,472",0,"42,472","13,167","55,639",76.33
　　,和興村,202,7,496,492,28,"1,023",11,"1,034",0,"1,034",307,"1,341",77.11
　　,和興村,203,2,456,550,14,"1,022",20,"1,042",0,"1,042",267,"1,309",79.60
　　,東興村,204,4,430,608,9,"1,051",18,"1,069",0,"1,069",321,"1,390",76.91
　　,東興村,205,10,225,381,14,630,4,634,0,634,178,812,78.08
　　,東興村,206,2,327,647,10,986,17,"1,003",0,"1,003",309,"1,312",76.45
　　,德盛村,207,12,394,679,9,"1,094",12,"1,106",0,"1,106",322,"1,428",77.45
　　,德盛村,208,1,396,505,13,915,11,926,0,926,240,"1,166",79.42
　　,德盛村,209,4,420,617,14,"1,055",14,"1,069",0,"1,069",349,"1,418",75.39
　　,愛勢村,210,3,357,460,15,835,10,845,0,845,200,"1,045",80.86
　　,愛勢村,211,4,342,666,14,"1,026",18,"1,044",0,"1,044",278,"1,322",78.97
　　,愛勢村,212,4,435,686,4,"1,129",23,"1,152",0,"1,152",332,"1,484",77.63
　　,仁勢村,213,6,230,386,7,629,9,638,0,638,192,830,76.87
　　,孝勢村,214,4,389,662,2,"1,057",20,"1,077",0,"1,077",273,"1,350",79.78
　　,中勢村,215,5,300,555,14,874,13,887,0,887,239,"1,126",78.77
　　,中勢村,216,6,402,679,13,"1,100",9,"1,109",0,"1,109",269,"1,378",80.48
　　,中正村,217,7,399,543,3,952,18,970,0,970,211,"1,181",82.13
　　,中正村,218,6,232,495,10,743,10,753,0,753,207,960,78.44
　　,信勢村,219,2,369,514,9,894,15,909,0,909,403,"1,312",69.28
　　,信勢村,220,11,361,643,7,"1,022",20,"1,042",0,"1,042",294,"1,336",77.99
　　,信勢村,221,5,475,797,8,"1,285",26,"1,311",0,"1,311",399,"1,710",76.67
　　,信義村,222,8,364,549,22,943,12,955,0,955,257,"1,212",78.80
　　,信義村,223,6,422,664,8,"1,100",8,"1,108",0,"1,108",361,"1,469",75.43
　　,波羅村,224,8,303,347,3,661,14,675,0,675,320,995,67.84
　　,波羅村,225,2,234,400,4,640,8,648,0,648,266,914,70.90
　　,長嶺村,226,9,331,536,4,880,18,898,0,898,256,"1,154",77.82
　　,長嶺村,227,7,409,780,4,"1,200",26,"1,226",0,"1,226",361,"1,587",77.25
　　,長安村,228,6,381,428,4,819,5,824,0,824,222,"1,046",78.78
　　,湖口村,229,6,405,657,17,"1,085",21,"1,106",0,"1,106",313,"1,419",77.94
　　,湖口村,230,6,319,488,18,831,13,844,0,844,270,"1,114",75.76
　　,湖鏡村,231,11,283,656,20,970,22,992,0,992,247,"1,239",80.06
　　,湖鏡村,232,3,220,608,5,836,10,846,0,846,203,"1,049",80.65
　　,湖南村,233,9,318,784,9,"1,120",20,"1,140",0,"1,140",364,"1,504",75.80
　　,中興村,234,1,213,782,8,"1,004",16,"1,020",0,"1,020",318,"1,338",76.23
　　,中興村,235,4,117,648,3,772,22,794,0,794,214,"1,008",78.77
　　,中興村,236,8,243,480,5,736,11,747,0,747,202,949,78.71
　　,中興村,237,7,326,763,9,"1,105",21,"1,126",0,"1,126",493,"1,619",69.55
　　,鳳凰村,238,6,266,526,12,810,12,822,0,822,266,"1,088",75.55
　　,鳳凰村,239,17,398,767,15,"1,197",22,"1,219",0,"1,219",481,"1,700",71.71
　　,鳳凰村,240,7,414,722,10,"1,153",14,"1,167",0,"1,167",484,"1,651",70.68
　　,勝利村,241,8,264,540,6,818,7,825,0,825,289,"1,114",74.06
　　,勝利村,242,8,279,569,4,860,12,872,0,872,372,"1,244",70.10
　　,勝利村,243,7,131,659,8,805,11,816,0,816,243,"1,059",77.05
　　,鳳山村,244,12,395,910,26,"1,343",27,"1,370",0,"1,370",527,"1,897",72.22
　　,鳳山村,245,1,162,607,24,794,18,812,0,812,248,"1,060",76.60
　新豐鄉,,,217,"10,665","17,519",240,"28,641",450,"29,091",1,"29,092","9,785","38,877",74.83
　　,福興村,246,8,351,389,23,771,12,783,0,783,222,"1,005",77.91
　　,青埔村,247,9,437,661,7,"1,114",11,"1,125",0,"1,125",406,"1,531",73.48
　　,後湖村,248,6,234,391,5,636,8,644,0,644,224,868,74.19
　　,後湖村,249,7,312,333,4,656,10,666,0,666,232,898,74.16
　　,瑞興村,250,14,483,585,9,"1,091",18,"1,109",0,"1,109",413,"1,522",72.86
　　,坡頭村,251,6,251,334,7,598,12,610,0,610,205,815,74.85
　　,埔和村,252,7,464,373,4,848,12,860,0,860,350,"1,210",71.07
　　,埔和村,253,10,479,466,16,971,16,987,0,987,392,"1,379",71.57
　　,新豐村,254,11,434,310,6,761,14,775,0,775,256,"1,031",75.17
　　,新豐村,255,3,398,370,7,778,15,793,0,793,245,"1,038",76.40
　　,員山村,256,16,249,467,7,739,12,751,0,751,251,"1,002",74.95
　　,員山村,257,6,192,478,7,683,10,693,0,693,197,890,77.87
　　,忠孝村,258,6,407,856,14,"1,283",16,"1,299",0,"1,299",348,"1,647",78.87
　　,忠孝村,259,7,281,683,9,980,13,993,0,993,274,"1,267",78.37
　　,山崎村,260,2,296,598,3,899,19,918,0,918,304,"1,222",75.12
　　,山崎村,261,3,345,538,4,890,14,904,0,904,279,"1,183",76.42
　　,山崎村,262,7,367,678,11,"1,063",10,"1,073",0,"1,073",296,"1,369",78.38
　　,中崙村,263,6,289,644,11,950,16,966,0,966,353,"1,319",73.24
　　,中崙村,264,7,432,593,5,"1,037",14,"1,051",0,"1,051",343,"1,394",75.39
　　,上坑村,265,7,365,611,10,993,9,"1,002",0,"1,002",353,"1,355",73.95
　　,鳳坑村,266,6,279,445,8,738,22,760,0,760,242,"1,002",75.85
　　,重興村,267,5,382,693,4,"1,084",18,"1,102",0,"1,102",354,"1,456",75.69
　　,重興村,268,8,324,662,6,"1,000",18,"1,018",0,"1,018",424,"1,442",70.60
　　,重興村,269,4,401,644,15,"1,064",13,"1,077",0,"1,077",417,"1,494",72.09
　　,崎頂村,270,3,266,449,4,722,13,735,0,735,351,"1,086",67.68
　　,崎頂村,271,7,315,682,6,"1,010",15,"1,025",0,"1,025",323,"1,348",76.04
　　,松林村,272,5,274,629,7,915,22,937,0,937,301,"1,238",75.69
　　,松林村,273,9,337,626,7,979,13,992,0,992,323,"1,315",75.44
　　,松林村,274,5,332,752,4,"1,093",9,"1,102",1,"1,103",324,"1,427",77.22
　　,松柏村,275,6,263,543,5,817,11,828,0,828,250,"1,078",76.81
　　,松柏村,276,5,194,490,2,691,18,709,0,709,288,997,71.11
　　,松柏村,277,6,232,546,3,787,17,804,0,804,245,"1,049",76.64
　芎林鄉,,,82,"4,681","7,552",40,"12,355",187,"12,542",0,"12,542","3,458","16,000",78.39
　　,華龍村,278,1,125,211,1,338,3,341,0,341,98,439,77.68
　　,五龍村,279,3,131,270,0,404,6,410,0,410,91,501,81.84
　　,秀湖村,280,1,271,444,2,718,13,731,0,731,178,909,80.42
　　,永興村,281,0,98,198,0,296,6,302,0,302,102,404,74.75
　　,石潭村,282,5,245,473,4,727,15,742,0,742,205,947,78.35
　　,石潭村,283,10,507,655,2,"1,174",22,"1,196",0,"1,196",389,"1,585",75.46
　　,新鳳村,284,6,490,634,3,"1,133",21,"1,154",0,"1,154",341,"1,495",77.19
　　,中坑村,285,3,117,311,3,434,6,440,0,440,130,570,77.19
　　,水坑村,286,5,210,288,3,506,7,513,0,513,157,670,76.57
　　,文林村,287,9,316,570,0,895,16,911,0,911,250,"1,161",78.47
　　,文林村,288,7,280,566,7,860,9,869,0,869,229,"1,098",79.14
　　,芎林村,289,6,460,735,3,"1,204",14,"1,218",0,"1,218",284,"1,502",81.09
　　,上山村,290,2,489,680,6,"1,177",11,"1,188",0,"1,188",317,"1,505",78.94
　　,上山村,291,7,277,446,1,731,8,739,0,739,165,904,81.75
　　,上山村,292,9,353,546,4,912,15,927,0,927,279,"1,206",76.87
　　,下山村,293,8,312,525,1,846,15,861,0,861,243,"1,104",77.99
　橫山鄉,,,64,"3,112","5,310",38,"8,524",147,"8,671",0,"8,671","2,587","11,258",77.02
　　,橫山村,294,5,268,609,3,885,22,907,0,907,267,"1,174",77.26
　　,橫山村,295,3,250,487,3,743,7,750,0,750,256,"1,006",74.55
　　,橫山村,296,8,271,521,0,800,15,815,0,815,292,"1,107",73.62
　　,田寮村,297,5,277,413,2,697,16,713,0,713,167,880,81.02
　　,南昌村,298,2,60,84,1,147,0,147,0,147,69,216,68.06
　　,豐鄉村,299,0,84,101,1,186,4,190,0,190,78,268,70.90
　　,豐田村,300,4,110,145,0,259,9,268,0,268,64,332,80.72
　　,內灣村,301,7,230,463,2,702,14,716,0,716,258,974,73.51
　　,力行村,302,2,132,278,2,414,6,420,0,420,135,555,75.68
　　,力行村,303,1,80,162,2,245,4,249,0,249,41,290,85.86
　　,福興村,304,5,218,150,3,376,5,381,0,381,99,480,79.38
　　,沙坑村,305,6,295,235,4,540,6,546,0,546,133,679,80.41
　　,沙坑村,306,3,137,117,3,260,5,265,0,265,74,339,78.17
　　,新興村,307,3,165,367,4,539,10,549,0,549,154,703,78.09
　　,新興村,308,1,206,446,3,656,5,661,0,661,164,825,80.12
　　,大肚村,309,9,329,732,5,"1,075",19,"1,094",0,"1,094",336,"1,430",76.50
　北埔鄉,,,44,"2,449","3,432",22,"5,947",97,"6,044",0,"6,044","1,884","7,928",76.24
　　,北埔村,310,5,341,487,0,833,6,839,0,839,267,"1,106",75.86
　　,南興村,311,8,299,629,3,939,18,957,0,957,273,"1,230",77.80
　　,大湖村,312,2,185,228,2,417,10,427,0,427,113,540,79.07
　　,埔尾村,313,3,304,405,2,714,12,726,0,726,209,935,77.65
　　,埔尾村,314,6,467,648,4,"1,125",18,"1,143",0,"1,143",359,"1,502",76.10
　　,水村,315,4,323,256,5,588,6,594,0,594,227,821,72.35
　　,南埔村,316,3,110,182,1,296,5,301,0,301,100,401,75.06
　　,大林村,317,8,192,358,3,561,13,574,0,574,158,732,78.42
　　,南坑村,318,4,122,141,1,268,7,275,0,275,84,359,76.60
　　,外坪村,319,1,106,98,1,206,2,208,0,208,94,302,68.87
　寶山鄉,,,59,"2,896","5,330",24,"8,309",120,"8,429",0,"8,429","2,554","10,983",76.75
　　,雙溪村,320,2,207,459,1,669,10,679,0,679,249,928,73.17
　　,雙溪村,321,3,254,534,4,795,13,808,0,808,213,"1,021",79.14
　　,雙新村,322,5,333,606,4,948,9,957,0,957,326,"1,283",74.59
　　,雙新村,323,6,259,430,2,697,17,714,0,714,245,959,74.45
　　,大崎村,324,9,362,766,3,"1,140",17,"1,157",0,"1,157",326,"1,483",78.02
　　,三峰村,325,8,233,462,2,705,9,714,0,714,264,978,73.01
　　,新城村,326,3,326,516,1,846,13,859,0,859,273,"1,132",75.88
　　,寶斗村,327,5,205,295,4,509,5,514,0,514,143,657,78.23
　　,深井村,328,5,213,347,0,565,9,574,0,574,148,722,79.50
　　,寶山村,329,7,172,403,1,583,6,589,0,589,142,731,80.57
　　,油田村,330,4,202,266,2,474,5,479,0,479,115,594,80.64
　　,山湖村,331,2,130,246,0,378,7,385,0,385,110,495,77.78
　峨眉鄉,,,28,"1,590","2,074",14,"3,706",66,"3,772",0,"3,772","1,173","4,945",76.28
　　,峨眉村,332,4,214,439,1,658,16,674,0,674,189,863,78.10
　　,中盛村,333,0,272,256,3,531,6,537,0,537,155,692,77.60
　　,石井村,334,3,205,246,1,455,5,460,0,460,174,634,72.56
　　,七星村,335,0,132,125,1,258,6,264,0,264,78,342,77.19
　　,七星村,336,0,109,92,1,202,8,210,0,210,72,282,74.47
　　,富興村,337,8,341,592,3,944,15,959,0,959,296,"1,255",76.41
　　,湖光村,338,4,169,161,1,335,4,339,0,339,134,473,71.67
　　,湖光村,339,9,148,163,3,323,6,329,0,329,75,404,81.44
　尖石鄉,,,13,221,429,3,666,14,680,0,680,321,"1,001",67.93
　　,嘉樂村,340,2,60,103,1,166,4,170,0,170,59,229,74.24
　　,嘉樂村,341,2,31,50,0,83,1,84,0,84,31,115,73.04
　　,義興村,342,5,54,61,0,120,1,121,0,121,47,168,72.02
　　,義興村,343,0,7,21,0,28,0,28,0,28,22,50,56.00
　　,新樂村,344,2,20,83,0,105,4,109,0,109,66,175,62.29
　　,錦屏村,345,1,13,30,0,44,0,44,0,44,24,68,64.71
　　,錦屏村,346,0,16,17,0,33,1,34,0,34,18,52,65.38
　　,梅花村,347,1,5,20,0,26,1,27,0,27,15,42,64.29
　　,玉峰村,348,0,2,14,1,17,1,18,0,18,6,24,75.00
　　,玉峰村,349,0,2,2,0,4,0,4,0,4,6,10,40.00
　　,玉峰村,350,0,1,0,0,1,0,1,0,1,1,2,50.00
　　,秀巒村,351,0,1,7,1,9,0,9,0,9,5,14,64.29
　　,秀巒村,352,0,7,16,0,23,1,24,0,24,19,43,55.81
　　,秀巒村,353,0,2,5,0,7,0,7,0,7,2,9,77.78
　五峰鄉,,,0,95,149,2,246,4,250,0,250,159,409,61.12
　　,大隘村,354,0,12,44,0,56,2,58,0,58,22,80,72.50
　　,大隘村,355,0,5,15,0,20,1,21,0,21,14,35,60.00
　　,桃山村,356,0,2,21,0,23,0,23,0,23,16,39,58.97
　　,桃山村,357,0,58,35,0,93,1,94,0,94,72,166,56.63
　　,花園村,358,0,14,23,1,38,0,38,0,38,21,59,64.41
　　,竹林村,359,0,4,11,1,16,0,16,0,16,14,30,53.33
